[
  {
    "id": 1,
    "name": "The Naturalist",
    "price": 599,
    "currency": "INR",
    "author": "Andrew Mayne",
    "imageUrl": "https://i.gr-assets.com/images/S/compressed.photo.goodreads.com/books/1487381119l/34330645._SY475_.jpg",
    "isAvailable": true
  },
  {
    "id": 2,
    "name": "The End of October",
    "price": 499,
    "currency": "INR",
    "author": "Lawrence Wright",
    "imageUrl": "https://i.gr-assets.com/images/S/compressed.photo.goodreads.com/books/1572992062l/52669505.jpg",
    "isAvailable": true
  },
  {
    "id": 3,
    "name": "Bad Blood",
    "price": 499,
    "currency": "INR",
    "author": "John Carreyrou",
    "imageUrl": "https://i.gr-assets.com/images/S/compressed.photo.goodreads.com/books/1556268702l/37976541.jpg",
    "isAvailable": true
  },
  {
    "id": 4,
    "name": "The Overstory",
    "price": 399,
    "currency": "INR",
    "author": "Richard Powers",
    "imageUrl": "https://i.gr-assets.com/images/S/compressed.photo.goodreads.com/books/1562786502l/40180098._SY475_.jpg",
    "isAvailable": true
  },
  {
    "id": 5,
    "name": "The Radium Girls",
    "price": 449,
    "currency": "INR",
    "author": "Kate Moore",
    "imageUrl": "https://i.gr-assets.com/images/S/compressed.photo.goodreads.com/books/1496007867l/31409135._SY475_.jpg",
    "isAvailable": true
  },
  {
    "id": 6,
    "name": "The Other Einstein",
    "price": 599,
    "currency": "INR",
    "author": "Marie Benedict",
    "imageUrl": "https://i.gr-assets.com/images/S/compressed.photo.goodreads.com/books/1461026382l/28389305.jpg",
    "isAvailable": true
  },
  {
    "id": 7,
    "name": "Why We Sleep",
    "price": 499,
    "currency": "INR",
    "author": "Matthew Walker",
    "imageUrl": "https://i.gr-assets.com/images/S/compressed.photo.goodreads.com/books/1556604137l/34466963._SY475_.jpg",
    "isAvailable": true
  },
  {
    "id": 8,
    "name": "Digital Minimalism",
    "price": 499,
    "currency": "INR",
    "author": "Cal Newport",
    "imageUrl": "https://i.gr-assets.com/images/S/compressed.photo.goodreads.com/books/1549433350l/40672036._SY475_.jpg",
    "isAvailable": true
  },
  {
    "id": 9,
    "name": "Looking Glass",
    "price": 399,
    "currency": "INR",
    "author": "Andrew Mayne",
    "imageUrl": "https://i.gr-assets.com/images/S/compressed.photo.goodreads.com/books/1511281068l/35157278._SY475_.jpg",
    "isAvailable": true
  },
  {
    "id": 10,
    "name": "Breath: The New Science of a Lost Art",
    "price": 449,
    "currency": "INR",
    "author": "James Nestor",
    "imageUrl": "https://i.gr-assets.com/images/S/compressed.photo.goodreads.com/books/1575339793l/48890486.jpg",
    "isAvailable": true
  },
  {
    "id": 11,
    "name": "A Brief History of Time",
    "price": 599,
    "currency": "INR",
    "author": "Stephen Hawking",
    "imageUrl": "https://i.gr-assets.com/images/S/compressed.photo.goodreads.com/books/1333578746l/3869.jpg",
    "isAvailable": true
  },
  {
    "id": 12,
    "name": "A Short History of Nearly Everything",
    "price": 499,
    "currency": "INR",
    "author": "Bill Bryson",
    "imageUrl": "https://i.gr-assets.com/images/S/compressed.photo.goodreads.com/books/1433086293l/21._SY475_.jpg",
    "isAvailable": true
  },
  {
    "id": 13,
    "name": "Cosmos",
    "price": 499,
    "currency": "INR",
    "author": "Carl Sagan",
    "imageUrl": "https://i.gr-assets.com/images/S/compressed.photo.goodreads.com/books/1388620656l/55030.jpg",
    "isAvailable": true
  },
  {
    "id": 14,
    "name": "The Selfish Gene",
    "price": 399,
    "currency": "INR",
    "author": "Richard Dawkins",
    "imageUrl": "https://i.gr-assets.com/images/S/compressed.photo.goodreads.com/books/1366758096l/61535.jpg",
    "isAvailable": true
  },
  {
    "id": 15,
    "name": "The Radium Girls",
    "price": 449,
    "currency": "INR",
    "author": "Kate Moore",
    "imageUrl": "https://i.gr-assets.com/images/S/compressed.photo.goodreads.com/books/1496007867l/31409135._SY475_.jpg",
    "isAvailable": true
  },
  {
    "id": 16,
    "name": "The Elegant Universe",
    "price": 599,
    "currency": "INR",
    "author": "Brian Greene",
    "imageUrl": "https://i.gr-assets.com/images/S/compressed.photo.goodreads.com/books/1348791881l/8049273.jpg",
    "isAvailable": true
  },
  {
    "id": 17,
    "name": "The Origin of Species",
    "price": 499,
    "currency": "INR",
    "author": "Charles Darwin",
    "imageUrl": "https://i.gr-assets.com/images/S/compressed.photo.goodreads.com/books/1298417570l/22463.jpg",
    "isAvailable": true
  },
  {
    "id": 18,
    "name": "The Demon-Haunted World",
    "price": 399,
    "currency": "INR",
    "author": "Carl Sagan",
    "imageUrl": "https://i.gr-assets.com/images/S/compressed.photo.goodreads.com/books/1553691804l/17349._SX318_.jpg",
    "isAvailable": true
  },
  {
    "id": 19,
    "name": "The Grand Design",
    "price": 449,
    "currency": "INR",
    "author": "Stephen Hawking",
    "imageUrl": "https://i.gr-assets.com/images/S/compressed.photo.goodreads.com/books/1320558363l/8520362.jpg",
    "isAvailable": true
  },
  {
    "id": 20,
    "name": "The Greatest Show on Earth",
    "price": 449,
    "currency": "INR",
    "author": "Richard Dawkins",
    "imageUrl": "https://i.gr-assets.com/images/S/compressed.photo.goodreads.com/books/1302127919l/6117055.jpg",
    "isAvailable": true
  }
]
